{
  "experiment": "large_raw",
  "test_accuracy": 0.9523809523809523,
  "macro_f1": 0.947530864197531,
  "mean_auc": 0.9964754227912123,
  "inference_time_ms": 49.02806602418423,
  "inference_time_std_ms": 5.488030898103385,
  "best_epoch": 103,
  "num_test_samples": 42
}