{
  "experiment": "large_raw",
  "test_accuracy": 0.9523809523809523,
  "macro_f1": 0.947530864197531,
  "mean_auc": 0.9964754227912123,
  "inference_time_ms": 128.49376900034258,
  "inference_time_std_ms": 11.881391323560688,
  "best_epoch": 103,
  "num_test_samples": 42
}