{
  "train_loss": [
    2.1705145835876465,
    1.9021469354629517,
    1.6312464475631714,
    1.5782588720321655,
    1.5697959661483765,
    1.4655277729034424,
    1.3894048929214478,
    1.5013644695281982,
    1.3709311485290527,
    1.3432934284210205,
    1.2887537479400635,
    1.2353335618972778,
    1.2937318086624146,
    1.2121394872665405,
    1.2190868854522705,
    1.1112653017044067,
    1.1901803016662598,
    1.262181282043457,
    1.0969914197921753,
    1.0643346309661865,
    1.0836181640625,
    1.0259933471679688,
    1.0734691619873047,
    0.9576770067214966,
    0.9569946527481079,
    1.0633853673934937,
    1.1139637231826782,
    1.1619528532028198,
    1.094881296157837,
    0.968868613243103,
    0.9306027293205261,
    0.9847902059555054,
    0.8434410691261292,
    0.9496575593948364,
    0.9715965986251831,
    0.8113689422607422,
    0.9379836320877075,
    0.9283568263053894,
    0.8359437584877014,
    0.7691643238067627,
    0.757736086845398,
    0.7237247228622437,
    0.7525840401649475,
    0.6713680028915405,
    0.6562806367874146,
    0.8241994380950928,
    0.7953265309333801,
    0.8415828943252563,
    0.7115263342857361,
    0.6752774715423584,
    0.6183447241783142,
    0.6445848941802979,
    0.7301574945449829,
    0.6204107999801636,
    0.5879771113395691,
    0.6770709753036499,
    0.5904796123504639,
    0.5725115537643433,
    0.5988691449165344,
    0.5883889198303223,
    0.7490349411964417,
    1.0140352249145508,
    0.9078807830810547,
    0.8169745206832886,
    0.7434485554695129
  ],
  "train_acc": [
    0.21052631735801697,
    0.29323309659957886,
    0.31578946113586426,
    0.27067670226097107,
    0.27819550037384033,
    0.35338345170021057,
    0.3684210479259491,
    0.31578946113586426,
    0.451127827167511,
    0.37593984603881836,
    0.3834586441516876,
    0.4135338366031647,
    0.4060150384902954,
    0.4661654233932495,
    0.48120301961898804,
    0.5413534045219421,
    0.4736842215061188,
    0.451127827167511,
    0.4887218177318573,
    0.5864661931991577,
    0.548872172832489,
    0.5413534045219421,
    0.5413534045219421,
    0.5939849615097046,
    0.6015037298202515,
    0.5563910007476807,
    0.5639097690582275,
    0.5263158082962036,
    0.5338345766067505,
    0.5864661931991577,
    0.6315789222717285,
    0.5789473652839661,
    0.6691729426383972,
    0.6090225577354431,
    0.5939849615097046,
    0.6691729426383972,
    0.6240601539611816,
    0.6240601539611816,
    0.6541353464126587,
    0.6917293071746826,
    0.7067669034004211,
    0.6917293071746826,
    0.646616518497467,
    0.6917293071746826,
    0.7443609237670898,
    0.6390977501869202,
    0.6390977501869202,
    0.6240601539611816,
    0.6842105388641357,
    0.6766917109489441,
    0.7744361162185669,
    0.7593985199928284,
    0.6766917109489441,
    0.7142857313156128,
    0.7518796920776367,
    0.7067669034004211,
    0.7669172883033752,
    0.7593985199928284,
    0.7218044996261597,
    0.7819548845291138,
    0.6842105388641357,
    0.61654132604599,
    0.6240601539611816,
    0.6616541147232056,
    0.6691729426383972
  ],
  "val_loss": [
    2.103135824203491,
    1.7389615774154663,
    1.6158602237701416,
    1.4764398336410522,
    1.5039464235305786,
    1.4651020765304565,
    1.5837675333023071,
    1.51882803440094,
    1.3698015213012695,
    1.337341070175171,
    1.2874137163162231,
    1.4610368013381958,
    1.3006514310836792,
    1.3922481536865234,
    1.3770248889923096,
    1.1611897945404053,
    1.4709908962249756,
    1.1618098020553589,
    1.203825831413269,
    1.1951879262924194,
    1.1461199522018433,
    1.4255588054656982,
    1.0684300661087036,
    1.1620205640792847,
    1.1447986364364624,
    1.4549981355667114,
    1.4225399494171143,
    1.2600280046463013,
    1.273565411567688,
    1.1460905075073242,
    1.4976189136505127,
    1.1556847095489502,
    1.1396446228027344,
    1.5141017436981201,
    1.0920312404632568,
    1.124065637588501,
    1.1524170637130737,
    0.8997164368629456,
    0.9490417838096619,
    0.9304123520851135,
    0.9705723524093628,
    1.0173494815826416,
    0.9768450856208801,
    1.0420682430267334,
    1.094487190246582,
    1.0617940425872803,
    1.2110998630523682,
    0.9918685555458069,
    1.0732429027557373,
    0.8861468434333801,
    0.9534388780593872,
    1.025199055671692,
    0.9577639698982239,
    0.9040671586990356,
    1.0087997913360596,
    0.9901304841041565,
    0.9908373951911926,
    0.9710800051689148,
    0.9218642115592957,
    0.992610514163971,
    1.4823263883590698,
    1.4048508405685425,
    1.386771321296692,
    1.6831942796707153,
    1.6152950525283813
  ],
  "val_acc": [
    0.2857142984867096,
    0.25,
    0.25,
    0.3214285671710968,
    0.3214285671710968,
    0.2857142984867096,
    0.2142857164144516,
    0.3214285671710968,
    0.2857142984867096,
    0.3214285671710968,
    0.3928571343421936,
    0.2857142984867096,
    0.4642857015132904,
    0.3571428656578064,
    0.3571428656578064,
    0.4285714328289032,
    0.3928571343421936,
    0.5,
    0.5,
    0.4642857015132904,
    0.5,
    0.5357142686843872,
    0.6071428656578064,
    0.5,
    0.5,
    0.4642857015132904,
    0.4642857015132904,
    0.4285714328289032,
    0.4642857015132904,
    0.5357142686843872,
    0.3928571343421936,
    0.5,
    0.5,
    0.4642857015132904,
    0.5,
    0.5714285969734192,
    0.5714285969734192,
    0.6071428656578064,
    0.5714285969734192,
    0.6071428656578064,
    0.6071428656578064,
    0.5357142686843872,
    0.5714285969734192,
    0.6428571343421936,
    0.5357142686843872,
    0.5714285969734192,
    0.5357142686843872,
    0.5,
    0.5714285969734192,
    0.6428571343421936,
    0.6428571343421936,
    0.6071428656578064,
    0.6428571343421936,
    0.6071428656578064,
    0.6428571343421936,
    0.5357142686843872,
    0.5714285969734192,
    0.6071428656578064,
    0.5714285969734192,
    0.6428571343421936,
    0.4642857015132904,
    0.3928571343421936,
    0.4642857015132904,
    0.4285714328289032,
    0.4642857015132904
  ],
  "best_epoch": 50,
  "training_time_s": 198.9439616203308,
  "class_names": [
    "alright",
    "good_afternoon",
    "good_evening",
    "good_morning",
    "good_night",
    "hello",
    "how_are_you",
    "pleased",
    "thank_you"
  ]
}