{
  "train_loss": [
    2.0066438456227007,
    1.6990689792131122,
    1.5483559638934028,
    1.43912408764201,
    1.314185705400051,
    1.2700726645333427,
    1.178824704392512,
    1.0971419945695347,
    1.0494463784354073,
    1.0460201869333596,
    0.935075971416961,
    0.8568319378042579,
    0.7903767886914705,
    0.7881249099745786,
    0.677338545483754,
    0.594570707557793,
    0.5267612232749623,
    0.5691287530992264,
    0.5525426559878471,
    0.43846440046353446,
    0.42615456688672976,
    0.4036945924723059,
    0.3124256255035114,
    0.3155709545415147,
    0.34476950159646513,
    0.2440914965437767,
    0.27726198139047264,
    0.3741858348362428,
    0.2980894657005941,
    0.2389561372031843,
    0.19224511411853304,
    0.16396119070232362,
    0.13029592086498,
    0.11054885751546774,
    0.13450292447455844,
    0.1364547032162659,
    0.25600291642927586,
    0.24614985320801125,
    0.2257166628102611,
    0.2500658277282141,
    0.23769087495660424,
    0.2403519969237478,
    0.17262499941919082,
    0.09007923501102548,
    0.13060774435674338,
    0.08874343822997316,
    0.06910197201528047,
    0.0558004399439446,
    0.05191627951492941,
    0.06302361117493838,
    0.07982121441597329,
    0.05678133173544604,
    0.050392281292076395,
    0.05543417814082669,
    0.05893100442406826,
    0.059783070831370536,
    0.048718469931667015,
    0.06693757678333082,
    0.057102131104110776,
    0.05238109311663119,
    0.05134535082300803,
    0.0332757455289812,
    0.040421092196514734,
    0.038907790626574276,
    0.06820970056648541,
    0.04753301421502479,
    0.03317521378061825,
    0.08214361506297176,
    0.04115536349608486,
    0.026772096809139827,
    0.03556960875770651,
    0.032450857803337556,
    0.033672661989703215,
    0.02036505660280249,
    0.031255536229538736,
    0.04412509949135601,
    0.026645276387383166,
    0.02566979209283241,
    0.02567341453150699,
    0.029307511348025242,
    0.04312036640213845,
    0.03699853164809091,
    0.025069949882371084,
    0.03187187833893568,
    0.02361466472310231,
    0.02377183981856009,
    0.03292944360720484,
    0.01965655114753802,
    0.031164516463763732,
    0.024936964917451815,
    0.03195551060196152,
    0.02764336473511574,
    0.03371901877392504,
    0.036956769855398884,
    0.041859167186837444,
    0.02010355520069151,
    0.017694009664027316,
    0.03186040108365224
  ],
  "val_loss": [
    2.245987824031285,
    1.9596717017037528,
    1.9185845851898193,
    1.8232209852763586,
    1.6628016233444214,
    1.9882676942007882,
    1.4957469701766968,
    1.2265396629061018,
    1.0370104142597742,
    1.1025400928088598,
    1.343777060508728,
    1.0582026072910853,
    1.3253904240471976,
    1.036332837172917,
    0.8413626211030143,
    1.0029829229627336,
    1.0964726209640503,
    0.8431809203965324,
    1.004447647503444,
    0.7834171993391854,
    1.0208956854684013,
    0.6322241936411176,
    0.6350753562791007,
    0.7304804750851223,
    0.6067101018769401,
    0.5433503091335297,
    0.6209885478019714,
    0.7071523751531329,
    1.7678477253232683,
    0.5699119525296348,
    0.624233433178493,
    0.4073639043739864,
    0.522570035287312,
    0.3481665232351848,
    0.5983225916113172,
    0.5819502387728009,
    0.634695657661983,
    1.0508914015122823,
    1.0230108286653246,
    0.5110412750925336,
    1.4680068322590418,
    1.3923437765666418,
    0.7009199942861285,
    0.6375783767019,
    0.3957179742200034,
    0.33079775316374643,
    0.3224081354481833,
    0.31017650025231497,
    0.2936704839978899,
    0.31857902237347197,
    0.2920463425772531,
    0.32240732865674154,
    0.3333686356033598,
    0.33161162052835735,
    0.29495870641299654,
    0.2501494607755116,
    0.2733745723962784,
    0.31871134681361063,
    0.31305234134197235,
    0.30388389953545164,
    0.32131258078983854,
    0.31827916843550547,
    0.3386027089187077,
    0.47485609565462383,
    0.280355874981199,
    0.25543458121163504,
    0.24632130776132857,
    0.24682265945843287,
    0.25223392248153687,
    0.2666819372347423,
    0.25634706020355225,
    0.25199117830821444,
    0.2494971134832927,
    0.2625271486384528,
    0.2607724091836384,
    0.26641493822847095,
    0.24216774318899428,
    0.2437394963843482,
    0.25057763499873026,
    0.2321947706597192,
    0.24173641417707717,
    0.2364636595760073,
    0.21980374412877218,
    0.22447540078844344,
    0.22734829357692174,
    0.2310332485607692,
    0.2254781723022461,
    0.22780756226607732,
    0.22430935289178575,
    0.24075996024268015,
    0.2459620088338852,
    0.23667493888310023,
    0.24191919820649282,
    0.23490592411586217,
    0.23830032348632812,
    0.23100230310644423,
    0.23617745084421976,
    0.2488454133272171
  ],
  "train_acc": [
    0.18045112781954886,
    0.3308270676691729,
    0.40601503759398494,
    0.47368421052631576,
    0.45112781954887216,
    0.5714285714285714,
    0.5789473684210527,
    0.6616541353383458,
    0.6390977443609023,
    0.6691729323308271,
    0.706766917293233,
    0.7443609022556391,
    0.7443609022556391,
    0.7819548872180451,
    0.7894736842105263,
    0.8646616541353384,
    0.9022556390977443,
    0.8571428571428571,
    0.849624060150376,
    0.8947368421052632,
    0.8947368421052632,
    0.9323308270676691,
    0.9774436090225563,
    0.9548872180451128,
    0.9323308270676691,
    0.9548872180451128,
    0.9398496240601504,
    0.9097744360902256,
    0.924812030075188,
    0.9699248120300752,
    0.9699248120300752,
    0.9774436090225563,
    0.9849624060150376,
    0.9849624060150376,
    1.0,
    0.9624060150375939,
    0.9473684210526315,
    0.9473684210526315,
    0.9624060150375939,
    0.924812030075188,
    0.9398496240601504,
    0.9398496240601504,
    0.9849624060150376,
    0.9924812030075187,
    0.9774436090225563,
    1.0,
    0.9924812030075187,
    1.0,
    1.0,
    0.9924812030075187,
    1.0,
    1.0,
    0.9924812030075187,
    0.9924812030075187,
    1.0,
    1.0,
    0.9924812030075187,
    0.9774436090225563,
    1.0,
    1.0,
    0.9924812030075187,
    1.0,
    1.0,
    1.0,
    0.9774436090225563,
    0.9924812030075187,
    1.0,
    0.9699248120300752,
    1.0,
    1.0,
    1.0,
    1.0,
    1.0,
    1.0,
    0.9924812030075187,
    1.0,
    1.0,
    1.0,
    1.0,
    1.0,
    0.9924812030075187,
    1.0,
    1.0,
    1.0,
    1.0,
    1.0,
    1.0,
    1.0,
    1.0,
    1.0,
    1.0,
    1.0,
    1.0,
    0.9924812030075187,
    1.0,
    1.0,
    1.0,
    1.0
  ],