{
  "experiment": "large_kalman",
  "test_accuracy": 0.9285714285714286,
  "macro_f1": 0.9228395061728395,
  "mean_auc": 0.9958748221906117,
  "inference_time_ms": 126.27451199965435,
  "inference_time_std_ms": 22.18185830133084,
  "best_epoch": 69,
  "num_test_samples": 42
}