{
  "train_loss": [
    1.8548045790925318,
    1.5947913320697085,
    1.3801606771897297,
    1.2932136448062197,
    1.2186421155929565,
    1.1871727121119597,
    1.0724740028381348,
    1.1571302803195254,
    0.9960246183434311,
    0.9708029639964201,
    0.8339113337653024,
    0.9259664282506826,
    0.8412031640811842,
    0.7395895415422867,
    0.80188072944174,
    0.7439660344805036,
    0.6662018882985018,
    0.6937644554644214,
    0.6595028930780839,
    0.5273531602353466,
    0.5123149545825257,
    0.5495524807852141,
    0.5336499603427186,
    0.4345855554755853,
    0.3976601873125349,
    0.3660368955865198,
    0.36397210067632246,
    0.3034920607294355,
    0.3012435290278221,
    0.3141294888087681,
    0.291471678991707,
    0.41280609855846484,
    0.2861334839645697,
    0.248206870288265,
    0.30446769874923085,
    0.22760095766612462,
    0.2162350160734994,
    0.32195497167353726,
    0.26679230648644114,
    0.253204700898151,
    0.252415520804269,
    0.19754570844222089,
    0.2628381197549859,
    0.19482561276883495,
    0.1532756473336901,
    0.20276987157305892,
    0.15813658705779485,
    0.16316205354369417,
    0.14087413160168394,
    0.19817081580356677,
    0.239799152831642,
    0.17226787246003442,
    0.22301971212941774,
    0.1220610007947805,
    0.09545934869318592,
    0.09243885549355527,
    0.08098093146572308,
    0.06867814945931337,
    0.06031099296346003,
    0.06885053780005902,
    0.052419853453733484,
    0.04957251843749261,
    0.05109010956117085,
    0.052868573793343136,
    0.04831731289016957,
    0.04293900180836113,
    0.04443913918672776,
    0.0546454378232664,
    0.06281169260642966,
    0.06101838666565564,
    0.04147109678205179,
    0.06894681465869047,
    0.036627656647137234,
    0.04000212997198105,
    0.032280685342088035,
    0.03995010401217305,
    0.04354079371812392,
    0.03580446412064591,
    0.035134998967452924,
    0.04977310707374495,
    0.038787600945453256,
    0.03486004023223507,
    0.041062940140159765,
    0.03957315040182094
  ],
  "val_loss": [
    2.095819518679664,
    1.9193179039728074,
    1.6407908428282965,
    1.5565379460652669,
    1.7488440899621873,
    1.2621645416532243,
    1.1784769750776745,
    1.0674288130941845,
    1.1741485482170468,
    0.949126314549219,
    1.932930594398862,
    0.9177000295548212,
    0.871696636790321,
    0.9321985925946917,
    1.2286503371738253,
    0.868541711852664,
    0.9689820465587434,
    0.7562255887758165,
    0.7564450133414495,
    0.804172328540257,
    0.6241375818139031,
    0.7395015699522836,
    0.5971854073660714,
    0.47546728593962534,
    0.5401695881571088,
    1.0754960023221516,
    0.8338977722894578,
    0.6936965925352914,
    0.41665895921843393,
    0.5672730576424372,
    0.9245838806742713,
    0.5954911992663429,
    0.5817979063306536,
    0.3241113537833804,
    0.5732487326576596,
    0.4708812151636396,
    0.3226846768742516,
    0.4156426390012105,
    0.37979690659613835,
    0.5544902923561278,
    0.5880019863446554,
    0.3673627660388038,
    0.722061174256461,
    0.4260533941643579,
    0.20954925815264383,
    0.6907719118254525,
    0.2307595113913218,
    0.289610002722059,
    0.28909311975751606,
    0.3518513086296263,
    0.8775935882613772,
    0.4875248698961167,
    0.7283262354987008,
    0.3170823511623201,
    0.19601278849655673,
    0.10008555065308299,
    0.14131335204555875,
    0.13580818296897978,
    0.1989361076127915,
    0.12848478981426784,
    0.10599661653950102,
    0.12086934099594752,
    0.13754346895785557,
    0.13595523294948397,
    0.15221454274086726,
    0.14058688495840346,
    0.11119905610879262,
    0.09431672060773486,
    0.08481844550087339,
    0.0907071413738387,
    0.10700322616667975,
    0.12647989108448937,
    0.10825676151684352,
    0.13711129625638327,
    0.10176610662823632,
    0.09286077710844222,
    0.0960167142606917,
    0.09734122171288445,
    0.10466889292001724,
    0.10180699683371044,
    0.09082881964388348,
    0.08825037663891203,
    0.09712799106325422,
    0.09850341365450904
  ],
  "train_acc": [
    0.25510204081632654,
    0.4387755102040816,
    0.4744897959183674,
    0.5204081632653061,
    0.5663265306122449,
    0.5306122448979592,
    0.5969387755102041,
    0.5816326530612245,
    0.6275510204081632,
    0.6530612244897959,
    0.7142857142857143,
    0.6683673469387755,
    0.7551020408163265,
    0.7653061224489796,
    0.7142857142857143,
    0.7551020408163265,
    0.8061224489795918,
    0.7653061224489796,
    0.7908163265306123,
    0.8571428571428571,
    0.8673469387755102,
    0.8418367346938775,
    0.8214285714285714,
    0.9132653061224489,
    0.8877551020408163,
    0.9285714285714286,
    0.8877551020408163,
    0.9183673469387755,
    0.9285714285714286,
    0.9336734693877551,
    0.9336734693877551,
    0.9030612244897959,
    0.923469387755102,
    0.9438775510204082,
    0.9132653061224489,
    0.9693877551020408,
    0.9489795918367347,
    0.9183673469387755,
    0.9285714285714286,
    0.923469387755102,
    0.9285714285714286,
    0.9540816326530612,
    0.9081632653061225,
    0.9795918367346939,
    0.9744897959183674,
    0.9540816326530612,
    0.9642857142857143,
    0.9540816326530612,
    0.9693877551020408,
    0.9540816326530612,
    0.9642857142857143,
    0.9795918367346939,
    0.9387755102040817,
    0.9897959183673469,
    1.0,
    0.9897959183673469,
    0.9897959183673469,
    0.9948979591836735,
    1.0,
    0.9948979591836735,
    0.9948979591836735,
    1.0,
    1.0,
    1.0,
    1.0,
    1.0,
    0.9948979591836735,
    0.9948979591836735,
    0.9948979591836735,
    0.9897959183673469,
    1.0,
    0.9897959183673469,
    0.9948979591836735,
    1.0,
    1.0,
    1.0,
    1.0,
    1.0,
    1.0,
    0.9948979591836735,
    0.9948979591836735,
    0.9948979591836735,
    0.9948979591836735,
    0.9948979591836735
  ],
  "val_acc": [
    0.14285714285714285,
    0.2619047619047619,
    0.2857142857142857,
    0.2857142857142857,
    0.30952380952380953,
    0.38095238095238093,
    0.5238095238095238,
    0.5476190476190477,
    0.6428571428571429,
    0.5714285714285714,
    0.47619047619047616,
    0.5714285714285714,
    0.6904761904761905,
    0.6190476190476191,
    0.6666666666666666,
    0.7142857142857143,
    0.5952380952380952,
    0.5952380952380952,
    0.6666666666666666,
    0.8333333333333334,
    0.7619047619047619,
    0.7857142857142857,
    0.8095238095238095,
    0.8809523809523809,
    0.8095238095238095,
    0.6904761904761905,
    0.8095238095238095,
    0.8333333333333334,
    0.8571428571428571,
    0.7380952380952381,
    0.7619047619047619,
    0.7619047619047619,
    0.8095238095238095,
    0.9047619047619048,
    0.8571428571428571,
    0.8809523809523809,
    0.8809523809523809,
    0.8809523809523809,
    0.8809523809523809,
    0.7857142857142857,
    0.8333333333333334,
    0.8809523809523809,
    0.7857142857142857,
    0.8333333333333334,
    0.9523809523809523,
    0.8333333333333334,
    0.9523809523809523,
    0.9523809523809523,
    0.9285714285714286,
    0.9523809523809523,
    0.7380952380952381,
    0.8095238095238095,
    0.8571428571428571,
    0.9285714285714286,
    0.9523809523809523,
    0.9761904761904762,
    0.9761904761904762,
    0.9761904761904762,
    0.9523809523809523,
    0.9761904761904762,
    0.9761904761904762,
    1.0,
    0.9761904761904762,
    0.9523809523809523,
    0.9523809523809523,
    0.9523809523809523,
    0.9761904761904762,
    0.9761904761904762,
    1.0,
    0.9761904761904762,
    0.9761904761904762,
    0.9761904761904762,
    0.9761904761904762,
    0.9761904761904762,
    0.9761904761904762,
    0.9761904761904762,
    1.0,
    0.9761904761904762,
    0.9523809523809523,
    0.9761904761904762,
    0.9761904761904762,
    0.9761904761904762,
    0.9761904761904762,
    0.9523809523809523
  ],