{
  "train_loss": [
    2.078926055951226,
    1.8525904067476888,
    1.8208962356237541,
    1.753790233368264,
    1.7032775753422786,
    1.6501489438508685,
    1.574840733879491,
    1.58695315776911,
    1.5371377261957728,
    1.4769884921554337,
    1.4236044283200027,
    1.3999121780682326,
    1.3555017064388533,
    1.2849408128207787,
    1.2851326671758092,
    1.1438059215258836,
    1.1312297708109806,
    1.1287339226643842,
    1.1307929315065082,
    1.064638067905168,
    1.0027339512244202,
    1.0294433545349235,
    0.9959524475542226,
    1.0128763815514128,
    0.9403061109377926,
    0.8043777548280874,
    0.8791633602371789,
    0.9259808807444752,
    0.889758687270315,
    0.7142929564741322,
    0.6946598708181453,
    0.6325497116361346,
    0.6333022198282686,
    0.6390474192181924,
    0.6944959683525831,
    0.6610406242815176,
    0.6429117021704078,
    0.5835145066555282,
    0.5604533450047773,
    0.5920090935284034,
    0.6289994447751153,
    0.5646985984386358,
    0.5535607060095421,
    0.5055204136927325,
    0.46151582414942577,
    0.4922598179121663,
    0.5019954837354502,
    0.44246317524659007,
    0.4301208553457619,
    0.44454902320876155,
    0.4332853703570545,
    0.41647087810631084,
    0.37695161830213736,
    0.4040619762320268,
    0.37849460598221396,
    0.42739982443644586,
    0.40263999494394864,
    0.38747827630293996,
    0.3675575641761149,
    0.3214786102000932,
    0.32788796622054023,
    0.2987146630771178,
    0.26960606772200507,
    0.28825464721460986,
    0.3621262415011126,
    0.2759359962958142,
    0.3044919176657397,
    0.2832030246132298,
    0.32136175327731253,
    0.2991327027181037,
    0.2689235701148671,
    0.26456608539237114,
    0.21734300860785005,
    0.208596585612548,
    0.2178700189841421,
    0.21314443143686854,
    0.19343775398749158,
    0.17854807161747066,
    0.1789411767981106,
    0.20775406634000906,
    0.19737783410495385,
    0.1553584992661512,
    0.17807108836066454,
    0.19156348301952048,
    0.1669051734576548,
    0.19519599263829396,
    0.19596862456852332,
    0.17081310796110252,
    0.1969727197087797,
    0.1499047630039373,
    0.1746800927291239,
    0.1492622046542347,
    0.18211968500811354,
    0.17099887760061966,
    0.17627379499879994,
    0.13701307784793967,
    0.14146666295994492
  ],
  "val_loss": [
    2.27345449583871,
    1.9670843056270055,
    1.7581761905125208,
    1.6383951561791557,
    1.6268863677978516,
    1.648500578744071,
    1.6883142505373274,
    1.609700356210981,
    1.5371825865336828,
    1.601283073425293,
    1.5930053165980749,
    1.5920985766819544,
    1.47637939453125,
    1.3378364528928484,
    1.383615493774414,
    1.310958743095398,
    1.3517347744532995,
    1.3953389440264021,
    1.4510572808129447,
    1.1036420379366194,
    1.2050874062946864,
    1.5662621770586287,
    1.2164958885737829,
    1.2615140335900443,
    1.1538560731070382,
    1.1596066781452723,
    1.368616087096078,
    1.3431449447359358,
    1.2768876041684831,
    1.0349311658314295,
    1.0746692248753138,
    0.9986853769847325,
    0.9832774741309029,
    1.0681087800434657,
    0.9743677377700806,
    0.9344585793358939,
    0.9773109980991909,
    0.9409447567803519,
    0.8954023207936969,
    0.9066851990563529,
    0.9332086018153599,
    1.0355032597269331,
    0.8500147121293204,
    0.8929730994360787,
    0.8183746082442147,
    0.8819500718797956,
    0.7996210541043963,
    0.750930300780705,
    0.7875753470829555,
    0.8053318772997174,
    0.7803196566445487,
    0.798092177936009,
    0.7949266007968357,
    0.737847353730883,
    0.7573350753102984,
    0.710751473903656,
    0.7782914297921317,
    0.7176222460610526,
    0.7240417684827533,
    0.6855496679033551,
    0.6139329927308219,
    0.8411675351006644,
    0.818331139428275,
    0.7845241001674107,
    0.7981581943375724,
    0.8419152413095746,
    0.7898261547088623,
    0.7384800740650722,
    0.7845373834882464,
    0.6682245135307312,
    0.6192849789346967,
    0.6346226164272853,
    0.6101339289120266,
    0.607236555644444,
    0.6317254815782819,
    0.6200586642537799,
    0.5431430765560695,
    0.5619189824376788,
    0.6012105856622968,
    0.5922068783215114,
    0.5925272277423314,
    0.5077724031039647,
    0.5313322969845363,
    0.5693295683179583,
    0.6247836521693638,
    0.5893077083996364,
    0.6043037601879665,
    0.6447579860687256,
    0.5820357884679522,
    0.5827328392437526,
    0.5271707006863185,
    0.5235142111778259,
    0.5162976384162903,
    0.5581156441143581,
    0.5750771164894104,
    0.5792365074157715,
    0.554398136479514
  ],
  "train_acc": [
    0.12781954887218044,
    0.21804511278195488,
    0.2857142857142857,
    0.2932330827067669,
    0.2932330827067669,
    0.3458646616541353,
    0.3684210526315789,
    0.3458646616541353,
    0.38345864661654133,
    0.39097744360902253,
    0.40601503759398494,
    0.46616541353383456,
    0.48872180451127817,
    0.556390977443609,
    0.518796992481203,
    0.6090225563909775,
    0.6015037593984962,
    0.6691729323308271,
    0.6015037593984962,
    0.6240601503759399,
    0.6616541353383458,
    0.6466165413533834,
    0.6917293233082706,
    0.6992481203007519,
    0.6842105263157895,
    0.7443609022556391,
    0.6766917293233082,
    0.7142857142857143,
    0.6992481203007519,
    0.7669172932330827,
    0.8045112781954887,
    0.8270676691729323,
    0.8721804511278195,
    0.8646616541353384,
    0.8195488721804511,
    0.8120300751879699,
    0.8571428571428571,
    0.9097744360902256,
    0.8796992481203008,
    0.849624060150376,
    0.8045112781954887,
    0.8571428571428571,
    0.8947368421052632,
    0.9022556390977443,
    0.9172932330827067,
    0.9022556390977443,
    0.8646616541353384,
    0.9022556390977443,
    0.9473684210526315,
    0.8947368421052632,
    0.9172932330827067,
    0.924812030075188,
    0.9022556390977443,
    0.9172932330827067,
    0.9473684210526315,
    0.9097744360902256,
    0.924812030075188,
    0.9398496240601504,
    0.9323308270676691,
    0.9548872180451128,
    0.9624060150375939,
    0.9624060150375939,
    0.9624060150375939,
    0.9849624060150376,
    0.9022556390977443,
    0.9624060150375939,
    0.9323308270676691,
    0.9624060150375939,
    0.924812030075188,
    0.9473684210526315,
    0.9473684210526315,
    0.9699248120300752,
    0.9774436090225563,
    0.9699248120300752,
    0.9699248120300752,
    0.9699248120300752,
    0.9924812030075187,
    0.9849624060150376,
    1.0,
    0.9774436090225563,
    0.9849624060150376,
    1.0,
    0.9774436090225563,
    0.9548872180451128,
    0.9924812030075187,
    0.9924812030075187,
    0.9924812030075187,
    0.9849624060150376,
    0.9624060150375939,
    1.0,
    0.9699248120300752,
    0.9849624060150376,
    0.9849624060150376,
    0.9924812030075187,
    0.9924812030075187,
    0.9849624060150376,
    0.9924812030075187
  ],