{
  "train_loss": [
    1.7978501108355989,
    1.5548672667123322,
    1.344803253869365,
    1.0989736255846525,
    0.9731262677594235,
    0.8080794580896994,
    0.6921514509315777,
    0.5967372767907336,
    0.4576320134607473,
    0.4290513925982597,
    0.3431309551224673,
    0.29996957563816157,
    0.3217213034181667,
    0.23405571055591554,
    0.17827095212344837,
    0.1802891993433013,
    0.21380431118764376,
    0.11595639151738102,
    0.10682272856732956,
    0.11054535846513017,
    0.08224143426221116,
    0.09193008564468613,
    0.0975335109054594,
    0.06295503279320279,
    0.10098887430994134,
    0.1286192473836411,
    0.10881527019174475,
    0.05861072452892935,
    0.05735632861243155,
    0.15029029828265197,
    0.15538358571834135,
    0.10476650030989396,
    0.08991554679727196,
    0.02949214736209776,
    0.03279671002375452,
    0.052296017160765214,
    0.05610136248563465,
    0.044878998029052763,
    0.030452243770871842,
    0.018411559020554212,
    0.013872779101917618,
    0.01199332495969265,
    0.008544670459919405,
    0.00875363374282991,
    0.011196434105697432,
    0.012853778352526794,
    0.008684065774839399,
    0.010607945638239608,
    0.008539273891654006,
    0.013066435311185686,
    0.014074182233079931,
    0.00940850569229377,
    0.00864485464429945,
    0.009438045633802737,
    0.008505536271329214,
    0.009163202626518626
  ],
  "val_loss": [
    1.6356710876737321,
    1.614990966660636,
    1.335970171860286,
    1.513587168284825,
    1.444934708731515,
    1.0267884050096785,
    0.8040453536169869,
    0.7976070812770298,
    0.9542296869414193,
    0.7358435988426208,
    0.9421061617987496,
    0.9136274669851575,
    0.6330665222236088,
    0.5327727454049247,
    0.596013035093035,
    1.011536376816886,
    0.4441622495651245,
    0.5341762559754508,
    0.5622839267764773,
    0.41969934531620573,
    0.7095970681735447,
    0.2662538119724819,
    0.4010901621409825,
    0.3284530554498945,
    1.1143262726919991,
    0.47960199202810017,
    0.2871113589831761,
    0.36905057302543093,
    0.25606334635189604,
    0.6512748513902936,
    0.6130435360329491,
    0.5606575523103986,
    0.42936193304402487,
    0.286946245602199,
    0.4258254511015756,
    0.2791758328676224,
    0.31465628104550497,
    0.3116312835897718,
    0.19340128345148905,
    0.17077839374542236,
    0.14345860374825342,
    0.19692944841725485,
    0.18065940482275827,
    0.18598409635680063,
    0.17974255553313664,
    0.1975670031138829,
    0.19159325105803354,
    0.14779427541153772,
    0.19426575303077698,
    0.1923350351197379,
    0.1758807897567749,
    0.20403999728815897,
    0.1778068287031991,
    0.19990607031754085,
    0.18628647923469543,
    0.20370944270065852
  ],
  "train_acc": [
    0.26165413533834586,
    0.3699248120300752,
    0.5112781954887218,
    0.6195488721804512,
    0.6616541353383458,
    0.7563909774436091,
    0.7894736842105263,
    0.8300751879699249,
    0.8932330827067669,
    0.881203007518797,
    0.9263157894736842,
    0.9323308270676691,
    0.9233082706766917,
    0.9473684210526315,
    0.9654135338345865,
    0.9578947368421052,
    0.9533834586466166,
    0.9849624060150376,
    0.9789473684210527,
    0.9759398496240601,
    0.98796992481203,
    0.9819548872180451,
    0.9849624060150376,
    0.9939849624060151,
    0.9834586466165414,
    0.9714285714285714,
    0.9819548872180451,
    0.9954887218045113,
    0.9894736842105263,
    0.9639097744360903,
    0.9578947368421052,
    0.9759398496240601,
    0.9789473684210527,
    0.9969924812030075,
    0.9954887218045113,
    0.9969924812030075,
    0.9909774436090225,
    0.9954887218045113,
    0.9954887218045113,
    1.0,
    1.0,
    1.0,
    1.0,
    1.0,
    0.9984962406015038,
    1.0,
    1.0,
    1.0,
    1.0,
    0.9984962406015038,
    1.0,
    1.0,
    1.0,
    1.0,
    1.0,
    1.0
  ],
  "val_acc": [
    0.39285714285714285,
    0.25,
    0.4642857142857143,
    0.4642857142857143,
    0.4642857142857143,
    0.6071428571428571,
    0.75,
    0.7142857142857143,
    0.6428571428571429,
    0.6785714285714286,
    0.6785714285714286,
    0.6785714285714286,
    0.7142857142857143,
    0.8214285714285714,
    0.8571428571428571,
    0.6428571428571429,
    0.8571428571428571,
    0.75,
    0.8214285714285714,
    0.8571428571428571,
    0.7857142857142857,
    0.9285714285714286,
    0.9285714285714286,
    0.8214285714285714,
    0.7857142857142857,
    0.75,
    0.8928571428571429,
    0.8214285714285714,
    0.9285714285714286,
    0.75,
    0.8571428571428571,
    0.8214285714285714,
    0.8214285714285714,
    0.9285714285714286,
    0.8571428571428571,
    0.8928571428571429,
    0.9285714285714286,
    0.8928571428571429,
    0.9285714285714286,
    0.9285714285714286,
    0.9642857142857143,
    0.9285714285714286,
    0.9285714285714286,
    0.9285714285714286,
    0.9285714285714286,
    0.9285714285714286,
    0.9285714285714286,
    0.9285714285714286,
    0.9285714285714286,
    0.9285714285714286,
    0.9285714285714286,
    0.9285714285714286,
    0.9285714285714286,
    0.9285714285714286,
    0.9285714285714286,
    0.9285714285714286
  ],
  "lr": [
    0.001,
    0.001,
    0.001,
    0.001,
    0.001,
    0.001,
    0.001,
    0.001,
    0.001,
    0.001,
    0.001,
    0.001,
    0.001,
    0.001,
    0.001,
    0.001,
    0.001,
    0.001,
    0.001,
    0.001,
    0.001,
    0.001,
    0.001,
    0.001,
    0.001,
    0.001,
    0.001,
    0.001,
    0.001,
    0.001,
    0.001,
    0.001,
    0.001,
    0.001,
    0.001,
    0.001,
    0.001,
    0.001,
    0.0003,
    0.0003,
    0.0003,
    0.0003,
    0.0003,
    0.0003,
    0.0003,
    0.0003,
    0.0003,
    0.0003,
    0.0003,
    0.0003,
    8.999999999999999e-05,
    8.999999999999999e-05,
    8.999999999999999e-05,
    8.999999999999999e-05,
    8.999999999999999e-05,
    8.999999999999999e-05
  ],
  "test_loss": 0.3490368220312842,
  "test_acc": 0.8620689655172413,
  "class_names": [
    "alright",
    "good_afternoon",
    "good_evening",
    "good_morning",
    "good_night",
    "hello",
    "how_are_you",
    "pleased",
    "thank_you"
  ],
  "experiment": "offline_aug",
  "best_epoch": 41
}