{
  "experiment": "kalman_only",
  "test_accuracy": 0.9310344827586207,
  "macro_f1": 0.9238095238095239,
  "mean_auc": 0.9957264957264957,
  "inference_time_ms": 94.82702800174593,
  "inference_time_std_ms": 44.26656080747601,
  "best_epoch": 80,
  "num_test_samples": 29
}