{
  "train_loss": [
    2.11195707321167,
    1.684920072555542,
    1.631081461906433,
    1.620478630065918,
    1.5927019119262695,
    1.5838466882705688,
    1.5854694843292236,
    1.569733738899231,
    1.545351505279541,
    1.5354822874069214,
    1.4915755987167358,
    1.4203765392303467,
    1.428204894065857,
    1.3520536422729492,
    1.3557791709899902,
    1.3698313236236572,
    1.3316084146499634,
    1.3111658096313477,
    1.3589798212051392,
    1.3384089469909668,
    1.272573471069336,
    1.2772102355957031,
    1.2077633142471313,
    1.1721692085266113,
    1.3035411834716797,
    1.1804391145706177,
    1.1647462844848633,
    1.2045788764953613,
    1.2499239444732666,
    1.2106592655181885,
    1.2433650493621826,
    1.2055420875549316,
    1.2142561674118042,
    1.1581794023513794,
    1.1255735158920288,
    1.1079550981521606,
    1.0692869424819946,
    1.23143470287323,
    1.11827552318573,
    1.1014326810836792,
    1.0391981601715088,
    0.962000846862793,
    0.9160695672035217,
    0.9089920520782471,
    0.9204849600791931,
    0.9354128837585449,
    1.0287729501724243,
    0.8954838514328003,
    0.9274261593818665,
    0.993686854839325,
    1.1342217922210693,
    0.9385988116264343,
    0.8434070944786072,
    0.7985784411430359,
    0.7661411762237549,
    0.7268193364143372,
    0.754047155380249,
    0.6578640341758728,
    0.6490383148193359,
    0.6876447200775146,
    0.6516146659851074,
    0.6508986353874207,
    0.5954222083091736,
    0.850872814655304,
    0.9406560063362122,
    0.9853166341781616,
    1.0050803422927856,
    0.8333929181098938,
    0.7849485278129578
  ],
  "train_acc": [
    0.16326530277729034,
    0.18367347121238708,
    0.20408163964748383,
    0.2142857164144516,
    0.18877550959587097,
    0.18877550959587097,
    0.22959183156490326,
    0.2908163368701935,
    0.2806122303009033,
    0.2551020383834839,
    0.27551019191741943,
    0.3265306055545807,
    0.3469387888908386,
    0.3571428656578064,
    0.3265306055545807,
    0.3316326439380646,
    0.3979591727256775,
    0.3979591727256775,
    0.3877550959587097,
    0.38265305757522583,
    0.4285714328289032,
    0.43877550959587097,
    0.4642857015132904,
    0.4693877696990967,
    0.4030612111091614,
    0.48469388484954834,
    0.4591836631298065,
    0.4285714328289032,
    0.4234693944454193,
    0.4336734712123871,
    0.40816327929496765,
    0.44897958636283875,
    0.43877550959587097,
    0.5,
    0.5204081535339355,
    0.45408162474632263,
    0.5102040767669678,
    0.5051020383834839,
    0.5306122303009033,
    0.5102040767669678,
    0.5867347121238708,
    0.6122449040412903,
    0.6071428656578064,
    0.6122449040412903,
    0.6071428656578064,
    0.5663265585899353,
    0.5510203838348389,
    0.6224489808082581,
    0.5918367505073547,
    0.5408163070678711,
    0.5,
    0.581632673740387,
    0.6377550959587097,
    0.6581632494926453,
    0.6632652878761292,
    0.6581632494926453,
    0.704081654548645,
    0.6887755393981934,
    0.6785714030265808,
    0.6887755393981934,
    0.6938775777816772,
    0.6989796161651611,
    0.704081654548645,
    0.6530612111091614,
    0.6071428656578064,
    0.5969387888908386,
    0.5918367505073547,
    0.6020408272743225,
    0.6632652878761292
  ],
  "val_loss": [
    1.7659380435943604,
    1.581515908241272,
    1.5918347835540771,
    1.5835802555084229,
    1.5775878429412842,
    1.5613884925842285,
    1.5611125230789185,
    1.5053231716156006,
    1.5879783630371094,
    1.570906162261963,
    1.389274001121521,
    1.3786495923995972,
    1.3655346632003784,
    1.3730480670928955,
    1.361433506011963,
    1.3183321952819824,
    1.3571951389312744,
    1.2768752574920654,
    1.342150330543518,
    1.243277907371521,
    1.237880825996399,
    1.1824828386306763,
    1.1473268270492554,
    1.1769014596939087,
    1.1699119806289673,
    1.1591310501098633,
    1.1468307971954346,
    1.1327240467071533,
    1.176588535308838,
    1.1111946105957031,
    1.0824283361434937,
    1.217161774635315,
    1.101536512374878,
    1.143038272857666,
    1.092947244644165,
    1.1123061180114746,
    1.518917202949524,
    1.1464836597442627,
    1.1803556680679321,
    1.0192586183547974,
    0.9844859838485718,
    0.932793140411377,
    0.9364587664604187,
    0.8956650495529175,
    0.944006621837616,
    1.1181344985961914,
    0.8389953374862671,
    0.7990856170654297,
    0.9127377867698669,
    1.1578508615493774,
    0.95002681016922,
    0.8993395566940308,
    0.8291963934898376,
    0.7225417494773865,
    0.8126522898674011,
    0.8451858758926392,
    0.8463832139968872,
    0.8368395566940308,
    1.196937084197998,
    0.8368486762046814,
    0.8116483092308044,
    0.8731971979141235,
    0.8713666200637817,
    1.421671748161316,
    1.050082802772522,
    1.0164644718170166,
    0.9537183046340942,
    0.757093071937561,
    0.7562382817268372
  ],
  "val_acc": [
    0.2380952388048172,
    0.2380952388048172,
    0.2380952388048172,
    0.2142857164144516,
    0.261904776096344,
    0.261904776096344,
    0.2380952388048172,
    0.3095238208770752,
    0.2380952388048172,
    0.3095238208770752,
    0.3333333432674408,
    0.3571428656578064,
    0.380952388048172,
    0.4047619104385376,
    0.3095238208770752,
    0.4523809552192688,
    0.3571428656578064,
    0.4285714328289032,
    0.3095238208770752,
    0.4523809552192688,
    0.4761904776096344,
    0.523809552192688,
    0.5,
    0.4285714328289032,
    0.5,
    0.4523809552192688,
    0.5,
    0.5,
    0.4047619104385376,
    0.4761904776096344,
    0.523809552192688,
    0.4761904776096344,
    0.523809552192688,
    0.5714285969734192,
    0.5714285969734192,
    0.5952380895614624,
    0.4047619104385376,
    0.5,
    0.4523809552192688,
    0.5476190447807312,
    0.523809552192688,
    0.6666666865348816,
    0.6428571343421936,
    0.6190476417541504,
    0.6190476417541504,
    0.4523809552192688,
    0.6904761791229248,
    0.6428571343421936,
    0.5952380895614624,
    0.5,
    0.5952380895614624,
    0.6428571343421936,
    0.6190476417541504,
    0.6904761791229248,
    0.6428571343421936,
    0.6904761791229248,
    0.6904761791229248,
    0.6666666865348816,
    0.6190476417541504,
    0.6904761791229248,
    0.6190476417541504,
    0.5952380895614624,
    0.7142857313156128,
    0.5476190447807312,
    0.5952380895614624,
    0.5476190447807312,
    0.6190476417541504,
    0.7142857313156128,
    0.6190476417541504
  ],
  "best_epoch": 54,
  "training_time_s": 308.0448877811432,
  "class_names": [
    "alright",
    "good_afternoon",
    "good_evening",
    "good_morning",
    "good_night",
    "hello",
    "how_are_you",
    "pleased",
    "thank_you"
  ]
}