{
  "experiment": "baseline",
  "test_accuracy": 0.896551724137931,
  "macro_f1": 0.8878306878306879,
  "mean_auc": 0.99002849002849,
  "inference_time_ms": 39.792512000276474,
  "inference_time_std_ms": 3.1672908473737174,
  "best_epoch": 83,
  "num_test_samples": 29
}