{
  "train_loss": [
    1.7986499578432928,
    1.5508940732568726,
    1.361587005091789,
    1.113725547414077,
    0.9896363912668443,
    0.8018384119621793,
    0.7183080058348806,
    0.6234608072983591,
    0.5013254494147193,
    0.4606160172842499,
    0.3905645603524115,
    0.3095335367030667,
    0.3185663158284094,
    0.2474038200719016,
    0.22773694868822744,
    0.16566373768605683,
    0.2483769052458885,
    0.16560791090018767,
    0.10922588797888362,
    0.13419506890433175,
    0.10244634449481964,
    0.10169696166999358,
    0.1286744362205491,
    0.08043521036274899,
    0.12607783076906562,
    0.15018996515668426,
    0.08460485335803569,
    0.066278325015665,
    0.08524441339243624,
    0.12540067786112763,
    0.15884535007907036,
    0.11334208017565255,
    0.06001805062020631,
    0.030709851541577425,
    0.04209570660626978,
    0.060830757346816526,
    0.039327267529372885,
    0.0179166482691478,
    0.011482434977490203,
    0.018128818262340432,
    0.015644771818603787,
    0.011599194839652768,
    0.009110647339121739,
    0.009948856067052462,
    0.011766171886732704,
    0.015521233554061193,
    0.010534071111421388,
    0.011554561956624564,
    0.009043701064485805,
    0.01819860171106525,
    0.017989951666248474,
    0.01782501404334728,
    0.021580455382179498,
    0.01914171442613566,
    0.022850994220969822,
    0.017277106434050806,
    0.012237947226915144,
    0.0563643843607795,
    0.022273125796389757,
    0.01852300275481285,
    0.012701806022708578,
    0.028636376786612926,
    0.023496632289169428,
    0.021522603389856062,
    0.03545102389683401,
    0.02426716216132605,
    0.021728780361494622,
    0.028490068601038223,
    0.10334776599604384,
    0.04306212894450453,
    0.02248744791499654,
    0.01704059291378896,
    0.01723814064958938,
    0.011874696825231824,
    0.01526670545003468
  ],
  "val_loss": [
    1.617200289453779,
    1.6258594478879655,
    1.3875227229935783,
    1.497193694114685,
    1.1921876668930054,
    0.9635843464306423,
    0.8937852467809405,
    0.8681606905800956,
    0.9051296753542764,
    0.7098936992032188,
    1.2135389191763741,
    0.6150226380143847,
    0.6630723220961434,
    0.7407762919153486,
    0.7669232828276498,
    0.9283543143953595,
    0.6189309358596802,
    0.4200599874768938,
    0.489119610616139,
    0.46459236315318514,
    0.34427898696490694,
    0.4634489927973066,
    0.33728910769735065,
    0.35067361167498995,
    0.9603884731020246,
    0.3512009084224701,
    0.2005110468183245,
    0.6664919086865017,
    0.549038610288075,
    0.8039821301187787,
    0.34719871623175486,
    0.4265513377530234,
    0.41902958282402586,
    0.21343441839729035,
    0.631025663443974,
    0.43740181837763104,
    0.21430276760033198,
    0.19870562851428986,
    0.17549888363906316,
    0.19157430210283824,
    0.15143460035324097,
    0.20528833142348699,
    0.18579817243984767,
    0.196097337773868,
    0.1815785446337291,
    0.17392948482717788,
    0.17276310920715332,
    0.14791189772742136,
    0.16450483245509012,
    0.21578586101531982,
    0.20938768770013536,
    0.3912731877395085,
    0.25481767100947245,
    0.20807904430798121,
    0.27310887830598013,
    0.14299213141202927,
    0.28765375699315754,
    0.2562905879957335,
    0.2588325675044741,
    0.1212683351976531,
    0.2523735889366695,
    0.19898405777556555,
    0.4153958942208971,
    0.17209281027317047,
    0.5413382479122707,
    0.19969457175050462,
    0.14808254156793868,
    0.20579294434615544,
    0.19465344292776926,
    0.18796017340251378,
    0.1871063815695899,
    0.13638636469841003,
    0.16597100240843637,
    0.14730896055698395,
    0.1490299552679062
  ],
  "train_acc": [
    0.25413533834586466,
    0.3744360902255639,
    0.5172932330827068,
    0.6120300751879699,
    0.649624060150376,
    0.7563909774436091,
    0.7879699248120301,
    0.8270676691729323,
    0.8721804511278195,
    0.8676691729323308,
    0.9052631578947369,
    0.924812030075188,
    0.9203007518796993,
    0.9443609022556391,
    0.9488721804511279,
    0.9669172932330827,
    0.9398496240601504,
    0.9639097744360903,
    0.98796992481203,
    0.9714285714285714,
    0.9789473684210527,
    0.9804511278195489,
    0.9819548872180451,
    0.98796992481203,
    0.968421052631579,
    0.9669172932330827,
    0.98796992481203,
    0.9939849624060151,
    0.9834586466165414,
    0.9669172932330827,
    0.9578947368421052,
    0.9804511278195489,
    0.9909774436090225,
    0.9984962406015038,
    0.9894736842105263,
    0.9954887218045113,
    0.9969924812030075,
    0.9984962406015038,
    1.0,
    1.0,
    1.0,
    1.0,
    1.0,
    1.0,
    0.9984962406015038,
    1.0,
    1.0,
    1.0,
    1.0,
    0.9969924812030075,
    1.0,
    0.9984962406015038,
    1.0,
    0.9969924812030075,
    0.9984962406015038,
    1.0,
    0.9984962406015038,
    0.9894736842105263,
    0.9984962406015038,
    1.0,
    1.0,
    0.9954887218045113,
    0.9969924812030075,
    1.0,
    0.9939849624060151,
    1.0,
    0.9984962406015038,
    0.9969924812030075,
    0.9789473684210527,
    0.9969924812030075,
    1.0,
    1.0,
    1.0,
    1.0,
    1.0
  ],
  "val_acc": [
    0.35714285714285715,
    0.2857142857142857,
    0.42857142857142855,
    0.39285714285714285,
    0.6071428571428571,
    0.6071428571428571,
    0.6785714285714286,
    0.8214285714285714,
    0.6428571428571429,
    0.7142857142857143,
    0.6071428571428571,
    0.75,
    0.7142857142857143,
    0.6785714285714286,
    0.6785714285714286,
    0.6428571428571429,
    0.8571428571428571,
    0.8214285714285714,
    0.8214285714285714,
    0.7857142857142857,
    0.8214285714285714,
    0.8571428571428571,
    0.8928571428571429,
    0.8928571428571429,
    0.75,
    0.8928571428571429,
    0.9285714285714286,
    0.75,
    0.8214285714285714,
    0.75,
    0.8571428571428571,
    0.8928571428571429,
    0.8571428571428571,
    0.9285714285714286,
    0.8214285714285714,
    0.8571428571428571,
    0.8928571428571429,
    0.9285714285714286,
    0.9285714285714286,
    0.8928571428571429,
    0.9285714285714286,
    0.9285714285714286,
    0.9285714285714286,
    0.9285714285714286,
    0.9285714285714286,
    0.9285714285714286,
    0.9285714285714286,
    0.9285714285714286,
    0.9285714285714286,
    0.9285714285714286,
    0.8571428571428571,
    0.8928571428571429,
    0.8571428571428571,
    0.9285714285714286,
    0.8928571428571429,
    0.9642857142857143,
    0.9285714285714286,
    0.9285714285714286,
    0.8928571428571429,
    0.9642857142857143,
    0.9285714285714286,
    0.9642857142857143,
    0.8928571428571429,
    0.8928571428571429,
    0.8214285714285714,
    0.8928571428571429,
    0.9642857142857143,
    0.8928571428571429,
    0.9285714285714286,
    0.8928571428571429,
    0.9285714285714286,
    0.9642857142857143,
    0.9285714285714286,
    0.9285714285714286,
    0.9285714285714286
  ],
  "lr": [
    0.001,
    0.001,
    0.001,
    0.001,
    0.001,
    0.001,
    0.001,
    0.001,
    0.001,
    0.001,
    0.001,
    0.001,
    0.001,
    0.001,
    0.001,
    0.001,
    0.001,
    0.001,
    0.001,
    0.001,
    0.001,
    0.001,
    0.001,
    0.001,
    0.001,
    0.001,
    0.001,
    0.001,
    0.001,
    0.001,
    0.001,
    0.001,
    0.001,
    0.001,
    0.001,
    0.001,
    0.0003,
    0.0003,
    0.0003,
    0.0003,
    0.0003,
    0.0003,
    0.0003,
    0.0003,
    0.0003,
    0.0003,
    0.0003,
    0.0003,
    0.0003,
    0.0003,
    0.0003,
    0.0003,
    0.0003,
    0.0003,
    0.0003,
    0.0003,
    0.0003,
    0.0003,
    0.0003,
    0.0003,
    0.0003,
    0.0003,
    0.0003,
    0.0003,
    0.0003,
    0.0003,
    0.0003,
    0.0003,
    0.0003,
    8.999999999999999e-05,
    8.999999999999999e-05,
    8.999999999999999e-05,
    8.999999999999999e-05,
    8.999999999999999e-05,
    8.999999999999999e-05
  ],