{
  "train_loss": [
    2.01333651237918,
    1.7075391192185252,
    1.5551398714682214,
    1.4500583723971718,
    1.3398356294273435,
    1.2830922926278938,
    1.2020879275816725,
    1.1310944557189941,
    1.0939716172397584,
    1.0780230706795715,
    0.9714784353299248,
    0.9184554250616777,
    0.8489745335471361,
    0.8196820056528077,
    0.7182019281208067,
    0.6320939548033521,
    0.5454962786875273,
    0.5942760499796473,
    0.610019360269819,
    0.5300369061025462,
    0.48699329580579487,
    0.4783900124686105,
    0.37144523948655095,
    0.3531223244236824,
    0.38448917865753174,
    0.344739071856764,
    0.3343103433910169,
    0.3830542210349463,
    0.3334638507742631,
    0.3008793539794764,
    0.22951127443098485,
    0.20010953110859805,
    0.19359332569559715,
    0.1768024664624293,
    0.19608452938553086,
    0.16887682452237696,
    0.2731134317871323,
    0.3390765154272094,
    0.27636471928510453,
    0.2334118812604058,
    0.24852402362608372,
    0.19500021468427844,
    0.13754632598475405,
    0.09108270603911321,
    0.1316647139707006,
    0.09586458361910698,
    0.07859041681863312,
    0.06605096777578942,
    0.06646971326125295,
    0.06988844914095742,
    0.08846374449873329,
    0.06722518779281386,
    0.05768355480710367,
    0.06845798729953909,
    0.06579865700096116,
    0.06886453153495502,
    0.06462701124356206,
    0.07761189498399433,
    0.06756090109509633,
    0.0619392935046576,
    0.061860365975172,
    0.047057703473514186,
    0.048074615965212196,
    0.06968091464692489,
    0.08214844998560454,
    0.054171308538967504,
    0.037446798938781695,
    0.08863729921946849,
    0.05435477970238019,
    0.03646365261839745,
    0.04519438897644667,
    0.040535650643190944,
    0.04425175868927088,
    0.026462522090265627,
    0.03447331348083969,
    0.05190559952778924,
    0.030536222278623654,
    0.027895572630310415,
    0.03107994828457223,
    0.03168888009132299,
    0.04558083034099493,
    0.03746109360590913,
    0.027860431126633983,
    0.03426058119849155,
    0.027668937312481098,
    0.028979495181737088,
    0.03509543359951865,
    0.021845948595301548,
    0.0327711617924217,
    0.02615430082817723,
    0.03540557365220292,
    0.0266595691218412,
    0.04420382938438788,
    0.03535037616589912,
    0.040202321526699496
  ],
  "val_loss": [
    2.249969278063093,
    1.9816330501011439,
    1.995215586253575,
    1.8067453759057182,
    1.6358562367303031,
    1.9218380962099348,
    1.5184481314250402,
    1.2809442452022008,
    1.1801900693348475,
    1.2189339399337769,
    1.2636973687580653,
    1.1530376502445765,
    1.2640063422066825,
    1.1951411536761694,
    0.9076223458562579,
    1.0940908534186227,
    1.1447712182998657,
    0.7802846857479641,
    1.0227433783667428,
    0.9457769649369376,
    1.0107664380754744,
    0.7549844554492405,
    0.7944388474736895,
    0.6856241566794259,
    0.601877783026014,
    0.6975526809692383,
    0.6799486364637103,
    0.9264235666819981,
    1.6074233736310686,
    0.6288392543792725,
    0.7645109040396554,
    0.5399352397237506,
    0.5709575840405056,
    0.7618566496031625,
    0.6407537800925118,
    0.5611884593963623,
    0.5521396994590759,
    1.4298733217375619,
    1.2485854838575636,
    0.9522166763033185,
    0.8916454868657249,
    0.5126572464193616,
    0.466911609683718,
    0.49565135155405315,
    0.4375030142920358,
    0.49701363912650515,
    0.41001208978039877,
    0.3584179197038923,
    0.3165125676563808,
    0.4110008648463658,
    0.2994227558374405,
    0.27977227526051657,
    0.30524876926626476,
    0.3351524387087141,
    0.30124577028410776,
    0.25338235071727205,
    0.30616702352251324,
    0.357502635036196,
    0.31025892921856474,
    0.31210763113839285,
    0.35320574045181274,
    0.34406410796301706,
    0.3779632832322802,
    0.45634677580424715,
    0.2638180894511087,
    0.25384197916303364,
    0.2578726815325873,
    0.248210466333798,
    0.2577208536011832,
    0.26444285469395773,
    0.24990312542234147,
    0.23879881416048324,
    0.2333470412663051,
    0.250183920775141,
    0.25186729431152344,
    0.25630112843854086,
    0.23431691314492906,
    0.22156708581107004,
    0.23441818143640245,
    0.21051743839468276,
    0.2220847670521055,
    0.23534025251865387,
    0.24393825658730098,
    0.2391783595085144,
    0.25359090311186655,
    0.2482937446662358,
    0.2417881957122258,
    0.24755944098745072,
    0.23109284469059535,
    0.23622141991342818,
    0.24772206800324575,
    0.23535730796200888,
    0.2328284169946398,
    0.24513069646699087,
    0.24401832904134477
  ],
  "train_acc": [
    0.16541353383458646,
    0.3157894736842105,
    0.44360902255639095,
    0.46616541353383456,
    0.45112781954887216,
    0.5789473684210527,
    0.6090225563909775,
    0.6616541353383458,
    0.6541353383458647,
    0.6766917293233082,
    0.6842105263157895,
    0.7218045112781954,
    0.7443609022556391,
    0.7669172932330827,
    0.8045112781954887,
    0.8646616541353384,
    0.8872180451127819,
    0.8571428571428571,
    0.8646616541353384,
    0.849624060150376,
    0.8721804511278195,
    0.8796992481203008,
    0.9624060150375939,
    0.924812030075188,
    0.9022556390977443,
    0.9323308270676691,
    0.9323308270676691,
    0.9097744360902256,
    0.9097744360902256,
    0.924812030075188,
    0.9699248120300752,
    0.9849624060150376,
    0.9548872180451128,
    0.9548872180451128,
    0.9924812030075187,
    0.9548872180451128,
    0.9473684210526315,
    0.9097744360902256,
    0.924812030075188,
    0.9624060150375939,
    0.9398496240601504,
    0.9548872180451128,
    0.9849624060150376,
    1.0,
    0.9849624060150376,
    1.0,
    1.0,
    1.0,
    0.9924812030075187,
    1.0,
    1.0,
    0.9924812030075187,
    0.9924812030075187,
    0.9849624060150376,
    1.0,
    1.0,
    0.9924812030075187,
    1.0,
    1.0,
    1.0,
    1.0,
    0.9924812030075187,
    1.0,
    0.9924812030075187,
    0.9849624060150376,
    0.9924812030075187,
    1.0,
    0.9774436090225563,
    1.0,
    1.0,
    1.0,
    1.0,
    1.0,
    1.0,
    0.9924812030075187,
    1.0,
    1.0,
    1.0,
    1.0,
    1.0,
    0.9924812030075187,
    1.0,
    1.0,
    1.0,
    1.0,
    1.0,
    1.0,
    1.0,
    1.0,
    1.0,
    1.0,
    1.0,
    0.9924812030075187,
    1.0,
    1.0
  ],